onset	duration	sample	event_type	face_type	repetition_type	trigger	stim_file
0.0040000000	n/a	1	setup	n/a	n/a	n/a	n/a
0.0040000000	n/a	1	right_sym	n/a	n/a	n/a	n/a
23.5561818182	n/a	5889.0455	show_face	famous_face	first_show	5	f097.bmp
24.5143636364	n/a	6128.5909	show_circle	n/a	n/a	0	circle.bmp
24.5861818182	n/a	6146.5455	left_press	n/a	n/a	256	n/a
26.2143636364	n/a	6553.5909	show_cross	n/a	n/a	n/a	cross.bmp
26.6798181818	n/a	6669.9545	show_face	famous_face	immediate_repeat	6	f097.bmp
27.3489090909	n/a	6837.2273	left_press	n/a	n/a	256	n/a
27.6316363636	n/a	6907.9091	show_circle	n/a	n/a	0	circle.bmp
29.3316363636	n/a	7332.9091	show_cross	n/a	n/a	n/a	cross.bmp
29.8870909091	n/a	7471.7727	show_face	scrambled_face	first_show	17	s067.bmp
30.8389090909	n/a	7709.7273	show_circle	n/a	n/a	0	circle.bmp
31.0261818182	n/a	7756.5455	right_press	n/a	n/a	4096	n/a
32.5389090909	n/a	8134.7273	show_cross	n/a	n/a	n/a	cross.bmp
33.1280000000	n/a	8282	show_face	scrambled_face	first_show	17	s106.bmp
33.9925454545	n/a	8498.1364	show_circle	n/a	n/a	0	circle.bmp
34.2443636364	n/a	8561.0909	right_press	n/a	n/a	4096	n/a
35.6925454545	n/a	8923.1364	show_cross	n/a	n/a	n/a	cross.bmp
36.1516363636	n/a	9037.9091	show_face	scrambled_face	immediate_repeat	18	s106.bmp
36.7698181818	n/a	9192.4545	right_press	n/a	n/a	4096	n/a
37.1534545455	n/a	9288.3636	show_circle	n/a	n/a	0	circle.bmp
38.8534545455	n/a	9713.3636	show_cross	n/a	n/a	n/a	cross.bmp
39.4925454545	n/a	9873.1364	show_face	unfamiliar_face	first_show	13	u015.bmp
40.3243636364	n/a	10081.0909	show_circle	n/a	n/a	0	circle.bmp
41.2452727273	n/a	10311.3182	left_press	n/a	n/a	256	n/a
42.0243636364	n/a	10506.0909	show_cross	n/a	n/a	n/a	cross.bmp
42.6498181818	n/a	10662.4545	show_face	scrambled_face	first_show	17	s045.bmp
43.4625454545	n/a	10865.6364	left_press	n/a	n/a	256	n/a
43.5689090909	n/a	10892.2273	show_circle	n/a	n/a	0	circle.bmp
45.2689090909	n/a	11317.2273	show_cross	n/a	n/a	n/a	cross.bmp
45.8234545455	n/a	11455.8636	show_face	scrambled_face	immediate_repeat	18	s045.bmp
46.5743636364	n/a	11643.5909	left_press	n/a	n/a	256	n/a
46.6607272727	n/a	11665.1818	show_circle	n/a	n/a	0	circle.bmp
48.3607272727	n/a	12090.1818	show_cross	n/a	n/a	n/a	cross.bmp
48.8470909091	n/a	12211.7727	show_face	unfamiliar_face	first_show	13	u004.bmp
49.6816363636	n/a	12420.4091	left_press	n/a	n/a	256	n/a
49.8507272727	n/a	12462.6818	show_circle	n/a	n/a	0	circle.bmp
51.5507272727	n/a	12887.6818	show_cross	n/a	n/a	n/a	cross.bmp
52.1052727273	n/a	13026.3182	show_face	famous_face	first_show	5	f061.bmp
52.9961818182	n/a	13249.0455	show_circle	n/a	n/a	0	circle.bmp
53.1561818182	n/a	13289.0455	right_press	n/a	n/a	4096	n/a
54.6961818182	n/a	13674.0455	show_cross	n/a	n/a	n/a	cross.bmp
55.2625454545	n/a	13815.6364	show_face	famous_face	immediate_repeat	6	f061.bmp
56.0161818182	n/a	14004.0455	right_press	n/a	n/a	4096	n/a
56.1643636364	n/a	14041.0909	show_circle	n/a	n/a	0	circle.bmp
57.8643636364	n/a	14466.0909	show_cross	n/a	n/a	n/a	cross.bmp
58.3525454545	n/a	14588.1364	show_face	scrambled_face	delayed_repeat	19	s067.bmp
59.2107272727	n/a	14802.6818	show_circle	n/a	n/a	0	circle.bmp
60.2261818182	n/a	15056.5455	left_press	n/a	n/a	256	n/a
60.9107272727	n/a	15227.6818	show_cross	n/a	n/a	n/a	cross.bmp
61.4098181818	n/a	15352.4545	show_face	famous_face	first_show	5	f036.bmp
62.2525454545	n/a	15563.1364	show_circle	n/a	n/a	0	circle.bmp
62.3207272727	n/a	15580.1818	left_press	n/a	n/a	256	n/a
63.9525454545	n/a	15988.1364	show_cross	n/a	n/a	n/a	cross.bmp
64.6007272727	n/a	16150.1818	show_face	scrambled_face	first_show	17	s066.bmp
65.3061818182	n/a	16326.5455	left_press	n/a	n/a	256	n/a
65.6016363636	n/a	16400.4091	show_circle	n/a	n/a	0	circle.bmp
67.3016363636	n/a	16825.4091	show_cross	n/a	n/a	n/a	cross.bmp
67.8743636364	n/a	16968.5909	show_face	scrambled_face	immediate_repeat	18	s066.bmp
68.4334545455	n/a	17108.3636	left_press	n/a	n/a	256	n/a
68.8852727273	n/a	17221.3182	show_circle	n/a	n/a	0	circle.bmp
70.5852727273	n/a	17646.3182	show_cross	n/a	n/a	n/a	cross.bmp
71.0989090909	n/a	17774.7273	show_face	unfamiliar_face	delayed_repeat	15	u015.bmp
71.8098181818	n/a	17952.4545	left_press	n/a	n/a	256	n/a
71.9425454545	n/a	17985.6364	show_circle	n/a	n/a	0	circle.bmp
73.6425454545	n/a	18410.6364	show_cross	n/a	n/a	n/a	cross.bmp
74.1061818182	n/a	18526.5455	show_face	famous_face	first_show	5	f083.bmp
74.8480000000	n/a	18712	right_press	n/a	n/a	4096	n/a
75.0961818182	n/a	18774.0455	show_circle	n/a	n/a	0	circle.bmp
76.7961818182	n/a	19199.0455	show_cross	n/a	n/a	n/a	cross.bmp
77.4134545455	n/a	19353.3636	show_face	famous_face	immediate_repeat	6	f083.bmp
78.3598181818	n/a	19589.9545	show_circle	n/a	n/a	0	circle.bmp
78.6552727273	n/a	19663.8182	right_press	n/a	n/a	4096	n/a
80.0598181818	n/a	20014.9545	show_cross	n/a	n/a	n/a	cross.bmp
80.5543636364	n/a	20138.5909	show_face	unfamiliar_face	first_show	13	u066.bmp
81.3261818182	n/a	20331.5455	left_press	n/a	n/a	256	n/a
81.5698181818	n/a	20392.4545	show_circle	n/a	n/a	0	circle.bmp
83.2698181818	n/a	20817.4545	show_cross	n/a	n/a	n/a	cross.bmp
83.8780000000	n/a	20969.5	show_face	unfamiliar_face	delayed_repeat	15	u004.bmp
84.5025454545	n/a	21125.6364	left_press	n/a	n/a	256	n/a
84.7725454545	n/a	21193.1364	show_circle	n/a	n/a	0	circle.bmp
86.4725454545	n/a	21618.1364	show_cross	n/a	n/a	n/a	cross.bmp
87.0525454545	n/a	21763.1364	show_face	unfamiliar_face	first_show	13	u139.bmp
87.9143636364	n/a	21978.5909	show_circle	n/a	n/a	0	circle.bmp
88.0261818182	n/a	22006.5455	left_press	n/a	n/a	256	n/a
89.6143636364	n/a	22403.5909	show_cross	n/a	n/a	n/a	cross.bmp
90.1425454545	n/a	22535.6364	show_face	scrambled_face	first_show	17	s140.bmp
90.8170909091	n/a	22704.2727	right_press	n/a	n/a	4096	n/a
91.0761818182	n/a	22769.0455	show_circle	n/a	n/a	0	circle.bmp
92.7761818182	n/a	23194.0455	show_cross	n/a	n/a	n/a	cross.bmp
93.3170909091	n/a	23329.2727	show_face	scrambled_face	immediate_repeat	18	s140.bmp
93.9934545455	n/a	23498.3636	right_press	n/a	n/a	4096	n/a
94.3198181818	n/a	23579.9545	show_circle	n/a	n/a	0	circle.bmp
96.0198181818	n/a	24004.9545	show_cross	n/a	n/a	n/a	cross.bmp
96.6243636364	n/a	24156.0909	show_face	famous_face	delayed_repeat	7	f036.bmp
97.2925454545	n/a	24323.1364	left_press	n/a	n/a	256	n/a
97.5970909091	n/a	24399.2727	show_circle	n/a	n/a	0	circle.bmp
99.2970909091	n/a	24824.2727	show_cross	n/a	n/a	n/a	cross.bmp
99.8652727273	n/a	24966.3182	show_face	scrambled_face	first_show	17	s075.bmp
100.8189090909	n/a	25204.7273	show_circle	n/a	n/a	0	circle.bmp
101.0125454545	n/a	25253.1364	right_press	n/a	n/a	4096	n/a
102.5189090909	n/a	25629.7273	show_cross	n/a	n/a	n/a	cross.bmp
103.1061818182	n/a	25776.5455	show_face	scrambled_face	immediate_repeat	18	s075.bmp
104.0298181818	n/a	26007.4545	left_press	n/a	n/a	256	n/a
104.0507272727	n/a	26012.6818	show_circle	n/a	n/a	0	circle.bmp
105.7507272727	n/a	26437.6818	show_cross	n/a	n/a	n/a	cross.bmp
106.2961818182	n/a	26574.0455	show_face	unfamiliar_face	first_show	13	u137.bmp
107.1480000000	n/a	26787	left_press	n/a	n/a	256	n/a
107.1489090909	n/a	26787.2273	show_circle	n/a	n/a	0	circle.bmp
108.8489090909	n/a	27212.2273	show_cross	n/a	n/a	n/a	cross.bmp
109.3707272727	n/a	27342.6818	show_face	unfamiliar_face	immediate_repeat	14	u137.bmp
110.0752727273	n/a	27518.8182	left_press	n/a	n/a	256	n/a
110.3843636364	n/a	27596.0909	show_circle	n/a	n/a	0	circle.bmp
112.0843636364	n/a	28021.0909	show_cross	n/a	n/a	n/a	cross.bmp
112.5943636364	n/a	28148.5909	show_face	unfamiliar_face	first_show	13	u136.bmp
113.1789090909	n/a	28294.7273	left_press	n/a	n/a	256	n/a
113.4780000000	n/a	28369.5	show_circle	n/a	n/a	0	circle.bmp
115.1780000000	n/a	28794.5	show_cross	n/a	n/a	n/a	cross.bmp
115.7852727273	n/a	28946.3182	show_face	unfamiliar_face	delayed_repeat	15	u066.bmp
116.7207272727	n/a	29180.1818	show_circle	n/a	n/a	0	circle.bmp
116.9752727273	n/a	29243.8182	left_press	n/a	n/a	256	n/a
118.4207272727	n/a	29605.1818	show_cross	n/a	n/a	n/a	cross.bmp
119.0589090909	n/a	29764.7273	show_face	unfamiliar_face	first_show	13	u087.bmp
119.9725454545	n/a	29993.1364	show_circle	n/a	n/a	0	circle.bmp
120.1643636364	n/a	30041.0909	right_press	n/a	n/a	4096	n/a
121.6725454545	n/a	30418.1364	show_cross	n/a	n/a	n/a	cross.bmp
122.1498181818	n/a	30537.4545	show_face	unfamiliar_face	immediate_repeat	14	u087.bmp
122.8361818182	n/a	30709.0455	right_press	n/a	n/a	4096	n/a
123.0598181818	n/a	30764.9545	show_circle	n/a	n/a	0	circle.bmp
124.7598181818	n/a	31189.9545	show_cross	n/a	n/a	n/a	cross.bmp
125.2907272727	n/a	31322.6818	show_face	unfamiliar_face	delayed_repeat	15	u139.bmp
126.0616363636	n/a	31515.4091	left_press	n/a	n/a	256	n/a
126.1625454545	n/a	31540.6364	show_circle	n/a	n/a	0	circle.bmp
127.8625454545	n/a	31965.6364	show_cross	n/a	n/a	n/a	cross.bmp
128.3807272727	n/a	32095.1818	show_face	unfamiliar_face	first_show	13	u094.bmp
129.2889090909	n/a	32322.2273	show_circle	n/a	n/a	0	circle.bmp
129.3207272727	n/a	32330.1818	right_press	n/a	n/a	4096	n/a
130.9889090909	n/a	32747.2273	show_cross	n/a	n/a	n/a	cross.bmp
131.5216363636	n/a	32880.4091	show_face	unfamiliar_face	first_show	13	u014.bmp
132.4870909091	n/a	33121.7727	show_circle	n/a	n/a	0	circle.bmp
133.1789090909	n/a	33294.7273	right_press	n/a	n/a	4096	n/a
134.1870909091	n/a	33546.7727	show_cross	n/a	n/a	n/a	cross.bmp
134.7625454545	n/a	33690.6364	show_face	unfamiliar_face	first_show	13	u032.bmp
135.7498181818	n/a	33937.4545	show_circle	n/a	n/a	0	circle.bmp
135.8089090909	n/a	33952.2273	left_press	n/a	n/a	256	n/a
137.4498181818	n/a	34362.4545	show_cross	n/a	n/a	n/a	cross.bmp
138.0361818182	n/a	34509.0455	show_face	famous_face	first_show	5	f115.bmp
138.9280000000	n/a	34732	show_circle	n/a	n/a	0	circle.bmp
139.3307272727	n/a	34832.6818	right_press	n/a	n/a	4096	n/a
140.6280000000	n/a	35157	show_cross	n/a	n/a	n/a	cross.bmp
141.1434545455	n/a	35285.8636	show_face	famous_face	immediate_repeat	6	f115.bmp
141.9689090909	n/a	35492.2273	show_circle	n/a	n/a	0	circle.bmp
142.0907272727	n/a	35522.6818	right_press	n/a	n/a	4096	n/a
143.6689090909	n/a	35917.2273	show_cross	n/a	n/a	n/a	cross.bmp
144.2352727273	n/a	36058.8182	show_face	unfamiliar_face	delayed_repeat	15	u136.bmp
145.2070909091	n/a	36301.7727	show_circle	n/a	n/a	0	circle.bmp
145.3361818182	n/a	36334.0455	left_press	n/a	n/a	256	n/a
146.9070909091	n/a	36726.7727	show_cross	n/a	n/a	n/a	cross.bmp
147.5416363636	n/a	36885.4091	show_face	scrambled_face	first_show	17	s086.bmp
148.4252727273	n/a	37106.3182	show_circle	n/a	n/a	0	circle.bmp
148.8416363636	n/a	37210.4091	left_press	n/a	n/a	256	n/a
150.1252727273	n/a	37531.3182	show_cross	n/a	n/a	n/a	cross.bmp
150.6152727273	n/a	37653.8182	show_face	unfamiliar_face	first_show	13	u112.bmp
151.4907272727	n/a	37872.6818	show_circle	n/a	n/a	0	circle.bmp
151.9107272727	n/a	37977.6818	left_press	n/a	n/a	256	n/a
153.1907272727	n/a	38297.6818	show_cross	n/a	n/a	n/a	cross.bmp
153.8398181818	n/a	38459.9545	show_face	unfamiliar_face	immediate_repeat	14	u112.bmp
154.4070909091	n/a	38601.7727	left_press	n/a	n/a	256	n/a
154.8543636364	n/a	38713.5909	show_circle	n/a	n/a	0	circle.bmp
156.5543636364	n/a	39138.5909	show_cross	n/a	n/a	n/a	cross.bmp
157.1470909091	n/a	39286.7727	show_face	unfamiliar_face	delayed_repeat	15	u094.bmp
157.9416363636	n/a	39485.4091	right_press	n/a	n/a	4096	n/a
157.9652727273	n/a	39491.3182	show_circle	n/a	n/a	0	circle.bmp
159.6652727273	n/a	39916.3182	show_cross	n/a	n/a	n/a	cross.bmp
160.2707272727	n/a	40067.6818	show_face	scrambled_face	first_show	17	s060.bmp
161.2270909091	n/a	40306.7727	show_circle	n/a	n/a	0	circle.bmp
162.1234545455	n/a	40530.8636	right_press	n/a	n/a	4096	n/a
162.9270909091	n/a	40731.7727	show_cross	n/a	n/a	n/a	cross.bmp
163.4116363636	n/a	40852.9091	show_face	unfamiliar_face	delayed_repeat	15	u014.bmp
164.4070909091	n/a	41101.7727	show_circle	n/a	n/a	0	circle.bmp
164.4843636364	n/a	41121.0909	left_press	n/a	n/a	256	n/a
166.1070909091	n/a	41526.7727	show_cross	n/a	n/a	n/a	cross.bmp
166.6352727273	n/a	41658.8182	show_face	famous_face	first_show	5	f132.bmp
167.3807272727	n/a	41845.1818	left_press	n/a	n/a	256	n/a
167.5689090909	n/a	41892.2273	show_circle	n/a	n/a	0	circle.bmp
169.2689090909	n/a	42317.2273	show_cross	n/a	n/a	n/a	cross.bmp
169.7098181818	n/a	42427.4545	show_face	unfamiliar_face	delayed_repeat	15	u032.bmp
170.5670909091	n/a	42641.7727	show_circle	n/a	n/a	0	circle.bmp
170.5698181818	n/a	42642.4545	left_press	n/a	n/a	256	n/a
172.2670909091	n/a	43066.7727	show_cross	n/a	n/a	n/a	cross.bmp
172.8834545455	n/a	43220.8636	show_face	scrambled_face	first_show	17	s072.bmp
173.7634545455	n/a	43440.8636	show_circle	n/a	n/a	0	circle.bmp
173.9534545455	n/a	43488.3636	right_press	n/a	n/a	4096	n/a
175.4634545455	n/a	43865.8636	show_cross	n/a	n/a	n/a	cross.bmp
175.9570909091	n/a	43989.2727	show_face	famous_face	first_show	5	f137.bmp
176.6598181818	n/a	44164.9545	left_press	n/a	n/a	256	n/a
176.8807272727	n/a	44220.1818	show_circle	n/a	n/a	0	circle.bmp
178.5807272727	n/a	44645.1818	show_cross	n/a	n/a	n/a	cross.bmp
179.1980000000	n/a	44799.5	show_face	scrambled_face	delayed_repeat	19	s086.bmp
180.0707272727	n/a	45017.6818	right_press	n/a	n/a	4096	n/a
180.1525454545	n/a	45038.1364	show_circle	n/a	n/a	0	circle.bmp
181.8525454545	n/a	45463.1364	show_cross	n/a	n/a	n/a	cross.bmp
182.3716363636	n/a	45592.9091	show_face	unfamiliar_face	first_show	13	u101.bmp
183.2298181818	n/a	45807.4545	show_circle	n/a	n/a	0	circle.bmp
183.6298181818	n/a	45907.4545	left_press	n/a	n/a	256	n/a
184.9298181818	n/a	46232.4545	show_cross	n/a	n/a	n/a	cross.bmp
185.4125454545	n/a	46353.1364	show_face	scrambled_face	first_show	17	s145.bmp
186.4243636364	n/a	46606.0909	show_circle	n/a	n/a	0	circle.bmp
186.4661818182	n/a	46616.5455	right_press	n/a	n/a	4096	n/a
188.1243636364	n/a	47031.0909	show_cross	n/a	n/a	n/a	cross.bmp
188.6361818182	n/a	47159.0455	show_face	scrambled_face	immediate_repeat	18	s145.bmp
189.3652727273	n/a	47341.3182	right_press	n/a	n/a	4096	n/a
189.4616363636	n/a	47365.4091	show_circle	n/a	n/a	0	circle.bmp
191.1616363636	n/a	47790.4091	show_cross	n/a	n/a	n/a	cross.bmp
191.7770909091	n/a	47944.2727	show_face	scrambled_face	delayed_repeat	19	s060.bmp
192.7825454545	n/a	48195.6364	show_circle	n/a	n/a	0	circle.bmp
192.9143636364	n/a	48228.5909	left_press	n/a	n/a	256	n/a
194.4825454545	n/a	48620.6364	show_cross	n/a	n/a	n/a	cross.bmp
195.1180000000	n/a	48779.5	show_face	unfamiliar_face	first_show	13	u044.bmp
196.1261818182	n/a	49031.5455	show_circle	n/a	n/a	0	circle.bmp
196.3580000000	n/a	49089.5	left_press	n/a	n/a	256	n/a
197.8261818182	n/a	49456.5455	show_cross	n/a	n/a	n/a	cross.bmp
198.3925454545	n/a	49598.1364	show_face	famous_face	delayed_repeat	7	f132.bmp
199.0825454545	n/a	49770.6364	left_press	n/a	n/a	256	n/a
199.4034545455	n/a	49850.8636	show_circle	n/a	n/a	0	circle.bmp
201.1034545455	n/a	50275.8636	show_cross	n/a	n/a	n/a	cross.bmp
201.6498181818	n/a	50412.4545	show_face	unfamiliar_face	first_show	13	u029.bmp
202.5380000000	n/a	50634.5	show_circle	n/a	n/a	0	circle.bmp
202.9234545455	n/a	50730.8636	right_press	n/a	n/a	4096	n/a
204.2380000000	n/a	51059.5	show_cross	n/a	n/a	n/a	cross.bmp
204.8234545455	n/a	51205.8636	show_face	unfamiliar_face	immediate_repeat	14	u029.bmp
205.6525454545	n/a	51413.1364	show_circle	n/a	n/a	0	circle.bmp
205.7025454545	n/a	51425.6364	right_press	n/a	n/a	4096	n/a
207.3525454545	n/a	51838.1364	show_cross	n/a	n/a	n/a	cross.bmp
207.8307272727	n/a	51957.6818	show_face	scrambled_face	delayed_repeat	19	s072.bmp
208.7607272727	n/a	52190.1818	show_circle	n/a	n/a	0	circle.bmp
209.1316363636	n/a	52282.9091	right_press	n/a	n/a	4096	n/a
210.4607272727	n/a	52615.1818	show_cross	n/a	n/a	n/a	cross.bmp
211.0216363636	n/a	52755.4091	show_face	unfamiliar_face	first_show	13	u109.bmp
211.6861818182	n/a	52921.5455	left_press	n/a	n/a	256	n/a
212.0170909091	n/a	53004.2727	show_circle	n/a	n/a	0	circle.bmp
213.7170909091	n/a	53429.2727	show_cross	n/a	n/a	n/a	cross.bmp
214.2452727273	n/a	53561.3182	show_face	unfamiliar_face	immediate_repeat	14	u109.bmp
214.8170909091	n/a	53704.2727	left_press	n/a	n/a	256	n/a
215.1016363636	n/a	53775.4091	show_circle	n/a	n/a	0	circle.bmp
216.8016363636	n/a	54200.4091	show_cross	n/a	n/a	n/a	cross.bmp
217.3689090909	n/a	54342.2273	show_face	famous_face	delayed_repeat	7	f137.bmp
218.3416363636	n/a	54585.4091	show_circle	n/a	n/a	0	circle.bmp
218.6170909091	n/a	54654.2727	left_press	n/a	n/a	256	n/a
220.0416363636	n/a	55010.4091	show_cross	n/a	n/a	n/a	cross.bmp
220.5261818182	n/a	55131.5455	show_face	famous_face	first_show	5	f144.bmp
221.4698181818	n/a	55367.4545	left_press	n/a	n/a	256	n/a
221.5380000000	n/a	55384.5	show_circle	n/a	n/a	0	circle.bmp
223.2380000000	n/a	55809.5	show_cross	n/a	n/a	n/a	cross.bmp
223.7843636364	n/a	55946.0909	show_face	unfamiliar_face	delayed_repeat	15	u101.bmp
224.5989090909	n/a	56149.7273	right_press	n/a	n/a	4096	n/a
224.6416363636	n/a	56160.4091	show_circle	n/a	n/a	0	circle.bmp
226.3416363636	n/a	56585.4091	show_cross	n/a	n/a	n/a	cross.bmp
226.8743636364	n/a	56718.5909	show_face	unfamiliar_face	first_show	13	u080.bmp
227.7416363636	n/a	56935.4091	left_press	n/a	n/a	256	n/a
227.7852727273	n/a	56946.3182	show_circle	n/a	n/a	0	circle.bmp
229.4852727273	n/a	57371.3182	show_cross	n/a	n/a	n/a	cross.bmp
230.0652727273	n/a	57516.3182	show_face	famous_face	first_show	5	f015.bmp
230.9389090909	n/a	57734.7273	show_circle	n/a	n/a	0	circle.bmp
231.6707272727	n/a	57917.6818	right_press	n/a	n/a	4096	n/a
232.6389090909	n/a	58159.7273	show_cross	n/a	n/a	n/a	cross.bmp
233.2061818182	n/a	58301.5455	show_face	unfamiliar_face	delayed_repeat	15	u044.bmp
233.9970909091	n/a	58499.2727	left_press	n/a	n/a	256	n/a
234.1834545455	n/a	58545.8636	show_circle	n/a	n/a	0	circle.bmp
235.8834545455	n/a	58970.8636	show_cross	n/a	n/a	n/a	cross.bmp
236.4798181818	n/a	59119.9545	show_face	famous_face	first_show	5	f024.bmp
237.1007272727	n/a	59275.1818	left_press	n/a	n/a	256	n/a
237.3252727273	n/a	59331.3182	show_circle	n/a	n/a	0	circle.bmp
239.0252727273	n/a	59756.3182	show_cross	n/a	n/a	n/a	cross.bmp
239.5707272727	n/a	59892.6818	show_face	famous_face	immediate_repeat	6	f024.bmp
240.2925454545	n/a	60073.1364	left_press	n/a	n/a	256	n/a
240.4870909091	n/a	60121.7727	show_circle	n/a	n/a	0	circle.bmp
242.1870909091	n/a	60546.7727	show_cross	n/a	n/a	n/a	cross.bmp
242.7943636364	n/a	60698.5909	show_face	unfamiliar_face	first_show	13	u138.bmp
243.6498181818	n/a	60912.4545	show_circle	n/a	n/a	0	circle.bmp
244.2052727273	n/a	61051.3182	left_press	n/a	n/a	256	n/a
245.3498181818	n/a	61337.4545	show_cross	n/a	n/a	n/a	cross.bmp
245.9180000000	n/a	61479.5	show_face	unfamiliar_face	immediate_repeat	14	u138.bmp
246.4489090909	n/a	61612.2273	left_press	n/a	n/a	256	n/a
246.7507272727	n/a	61687.6818	show_circle	n/a	n/a	0	circle.bmp
248.4507272727	n/a	62112.6818	show_cross	n/a	n/a	n/a	cross.bmp
249.1089090909	n/a	62277.2273	show_face	famous_face	first_show	5	f090.bmp
250.0198181818	n/a	62504.9545	show_circle	n/a	n/a	0	circle.bmp
250.2870909091	n/a	62571.7727	left_press	n/a	n/a	256	n/a
251.7198181818	n/a	62929.9545	show_cross	n/a	n/a	n/a	cross.bmp
252.2834545455	n/a	63070.8636	show_face	famous_face	delayed_repeat	7	f144.bmp
253.1852727273	n/a	63296.3182	show_circle	n/a	n/a	0	circle.bmp
253.2243636364	n/a	63306.0909	left_press	n/a	n/a	256	n/a
254.8852727273	n/a	63721.3182	show_cross	n/a	n/a	n/a	cross.bmp
255.5070909091	n/a	63876.7727	show_face	scrambled_face	first_show	17	s012.bmp
256.4280000000	n/a	64107	right_press	n/a	n/a	4096	n/a
256.4770909091	n/a	64119.2727	show_circle	n/a	n/a	0	circle.bmp
258.1770909091	n/a	64544.2727	show_cross	n/a	n/a	n/a	cross.bmp
258.6980000000	n/a	64674.5	show_face	unfamiliar_face	delayed_repeat	15	u080.bmp
259.6416363636	n/a	64910.4091	show_circle	n/a	n/a	0	circle.bmp
259.9452727273	n/a	64986.3182	left_press	n/a	n/a	256	n/a
261.3416363636	n/a	65335.4091	show_cross	n/a	n/a	n/a	cross.bmp
261.9552727273	n/a	65488.8182	show_face	scrambled_face	first_show	17	s129.bmp
262.8216363636	n/a	65705.4091	show_circle	n/a	n/a	0	circle.bmp
263.5298181818	n/a	65882.4545	left_press	n/a	n/a	256	n/a
264.5216363636	n/a	66130.4091	show_cross	n/a	n/a	n/a	cross.bmp
265.1298181818	n/a	66282.4545	show_face	scrambled_face	immediate_repeat	18	s129.bmp
266.0580000000	n/a	66514.5	show_circle	n/a	n/a	0	circle.bmp
266.3052727273	n/a	66576.3182	left_press	n/a	n/a	256	n/a
267.7580000000	n/a	66939.5	show_cross	n/a	n/a	n/a	cross.bmp
268.2870909091	n/a	67071.7727	show_face	famous_face	delayed_repeat	7	f015.bmp
269.1434545455	n/a	67285.8636	show_circle	n/a	n/a	0	circle.bmp
269.1452727273	n/a	67286.3182	right_press	n/a	n/a	4096	n/a
270.8434545455	n/a	67710.8636	show_cross	n/a	n/a	n/a	cross.bmp
271.4607272727	n/a	67865.1818	show_face	scrambled_face	first_show	17	s032.bmp
272.3816363636	n/a	68095.4091	show_circle	n/a	n/a	0	circle.bmp
272.4870909091	n/a	68121.7727	right_press	n/a	n/a	4096	n/a
274.0816363636	n/a	68520.4091	show_cross	n/a	n/a	n/a	cross.bmp
274.6680000000	n/a	68667	show_face	scrambled_face	immediate_repeat	18	s032.bmp
275.3407272727	n/a	68835.1818	right_press	n/a	n/a	4096	n/a
275.6761818182	n/a	68919.0455	show_circle	n/a	n/a	0	circle.bmp
277.3761818182	n/a	69344.0455	show_cross	n/a	n/a	n/a	cross.bmp
277.8752727273	n/a	69468.8182	show_face	scrambled_face	first_show	17	s021.bmp
278.5934545455	n/a	69648.3636	left_press	n/a	n/a	256	n/a
278.8752727273	n/a	69718.8182	show_circle	n/a	n/a	0	circle.bmp
280.5752727273	n/a	70143.8182	show_cross	n/a	n/a	n/a	cross.bmp
281.1998181818	n/a	70299.9545	show_face	scrambled_face	immediate_repeat	18	s021.bmp
281.6943636364	n/a	70423.5909	left_press	n/a	n/a	256	n/a
282.0298181818	n/a	70507.4545	show_circle	n/a	n/a	0	circle.bmp
283.7298181818	n/a	70932.4545	show_cross	n/a	n/a	n/a	cross.bmp
284.1898181818	n/a	71047.4545	show_face	scrambled_face	first_show	17	s017.bmp
285.1098181818	n/a	71277.4545	show_circle	n/a	n/a	0	circle.bmp
285.1389090909	n/a	71284.7273	left_press	n/a	n/a	256	n/a
286.8098181818	n/a	71702.4545	show_cross	n/a	n/a	n/a	cross.bmp
287.4307272727	n/a	71857.6818	show_face	scrambled_face	immediate_repeat	18	s017.bmp
288.0152727273	n/a	72003.8182	left_press	n/a	n/a	256	n/a
288.3716363636	n/a	72092.9091	show_circle	n/a	n/a	0	circle.bmp
290.0716363636	n/a	72517.9091	show_cross	n/a	n/a	n/a	cross.bmp
290.6380000000	n/a	72659.5	show_face	famous_face	delayed_repeat	7	f090.bmp
291.4961818182	n/a	72874.0455	show_circle	n/a	n/a	0	circle.bmp
291.8980000000	n/a	72974.5	left_press	n/a	n/a	256	n/a
293.1961818182	n/a	73299.0455	show_cross	n/a	n/a	n/a	cross.bmp
293.7616363636	n/a	73440.4091	show_face	scrambled_face	first_show	17	s131.bmp
294.6370909091	n/a	73659.2727	right_press	n/a	n/a	4096	n/a
294.7134545455	n/a	73678.3636	show_circle	n/a	n/a	0	circle.bmp
296.4134545455	n/a	74103.3636	show_cross	n/a	n/a	n/a	cross.bmp
297.0534545455	n/a	74263.3636	show_face	scrambled_face	immediate_repeat	18	s131.bmp
297.9925454545	n/a	74498.1364	show_circle	n/a	n/a	0	circle.bmp
298.5752727273	n/a	74643.8182	left_press	n/a	n/a	256	n/a
299.6925454545	n/a	74923.1364	show_cross	n/a	n/a	n/a	cross.bmp
300.2934545455	n/a	75073.3636	show_face	scrambled_face	delayed_repeat	19	s012.bmp
301.0043636364	n/a	75251.0909	right_press	n/a	n/a	4096	n/a
301.2698181818	n/a	75317.4545	show_circle	n/a	n/a	0	circle.bmp
302.9698181818	n/a	75742.4545	show_cross	n/a	n/a	n/a	cross.bmp
303.6352727273	n/a	75908.8182	show_face	famous_face	first_show	5	f025.bmp
304.4507272727	n/a	76112.6818	left_press	n/a	n/a	256	n/a
304.5780000000	n/a	76144.5	show_circle	n/a	n/a	0	circle.bmp
306.2780000000	n/a	76569.5	show_cross	n/a	n/a	n/a	cross.bmp
306.9089090909	n/a	76727.2273	show_face	famous_face	immediate_repeat	6	f025.bmp
307.6107272727	n/a	76902.6818	left_press	n/a	n/a	256	n/a
307.8325454545	n/a	76958.1364	show_circle	n/a	n/a	0	circle.bmp
309.5325454545	n/a	77383.1364	show_cross	n/a	n/a	n/a	cross.bmp
310.0998181818	n/a	77524.9545	show_face	scrambled_face	first_show	17	s043.bmp
310.9407272727	n/a	77735.1818	show_circle	n/a	n/a	0	circle.bmp
311.4816363636	n/a	77870.4091	right_press	n/a	n/a	4096	n/a
312.6407272727	n/a	78160.1818	show_cross	n/a	n/a	n/a	cross.bmp
313.2407272727	n/a	78310.1818	show_face	scrambled_face	first_show	17	s083.bmp
314.1970909091	n/a	78549.2727	show_circle	n/a	n/a	0	circle.bmp
314.5707272727	n/a	78642.6818	left_press	n/a	n/a	256	n/a
315.8970909091	n/a	78974.2727	show_cross	n/a	n/a	n/a	cross.bmp
316.3807272727	n/a	79095.1818	show_face	scrambled_face	first_show	17	s004.bmp
317.2643636364	n/a	79316.0909	show_circle	n/a	n/a	0	circle.bmp
317.2780000000	n/a	79319.5	left_press	n/a	n/a	256	n/a
318.9643636364	n/a	79741.0909	show_cross	n/a	n/a	n/a	cross.bmp
319.4880000000	n/a	79872	show_face	scrambled_face	first_show	17	s107.bmp
320.3234545455	n/a	80080.8636	show_circle	n/a	n/a	0	circle.bmp
321.1489090909	n/a	80287.2273	left_press	n/a	n/a	256	n/a
322.0234545455	n/a	80505.8636	show_cross	n/a	n/a	n/a	cross.bmp
322.4952727273	n/a	80623.8182	show_face	scrambled_face	immediate_repeat	18	s107.bmp
323.3152727273	n/a	80828.8182	show_circle	n/a	n/a	0	circle.bmp
323.4643636364	n/a	80866.0909	left_press	n/a	n/a	256	n/a
325.0152727273	n/a	81253.8182	show_cross	n/a	n/a	n/a	cross.bmp
325.5852727273	n/a	81396.3182	show_face	famous_face	first_show	5	f091.bmp
326.3716363636	n/a	81592.9091	right_press	n/a	n/a	4096	n/a
326.5834545455	n/a	81645.8636	show_circle	n/a	n/a	0	circle.bmp
328.2834545455	n/a	82070.8636	show_cross	n/a	n/a	n/a	cross.bmp
328.8761818182	n/a	82219.0455	show_face	unfamiliar_face	first_show	13	u088.bmp
329.6770909091	n/a	82419.2727	left_press	n/a	n/a	256	n/a
329.7580000000	n/a	82439.5	show_circle	n/a	n/a	0	circle.bmp
331.4580000000	n/a	82864.5	show_cross	n/a	n/a	n/a	cross.bmp
332.0170909091	n/a	83004.2727	show_face	unfamiliar_face	immediate_repeat	14	u088.bmp
332.9270909091	n/a	83231.7727	left_press	n/a	n/a	256	n/a
332.9880000000	n/a	83247	show_circle	n/a	n/a	0	circle.bmp
334.6880000000	n/a	83672	show_cross	n/a	n/a	n/a	cross.bmp
335.2080000000	n/a	83802	show_face	scrambled_face	delayed_repeat	19	s043.bmp
336.2189090909	n/a	84054.7273	show_circle	n/a	n/a	0	circle.bmp
336.3434545455	n/a	84085.8636	left_press	n/a	n/a	256	n/a
337.9189090909	n/a	84479.7273	show_cross	n/a	n/a	n/a	cross.bmp
338.4989090909	n/a	84624.7273	show_face	famous_face	first_show	5	f128.bmp
339.3225454545	n/a	84830.6364	show_circle	n/a	n/a	0	circle.bmp
340.4325454545	n/a	85108.1364	left_press	n/a	n/a	256	n/a
341.0225454545	n/a	85255.6364	show_cross	n/a	n/a	n/a	cross.bmp
341.5389090909	n/a	85384.7273	show_face	famous_face	immediate_repeat	6	f128.bmp
342.5161818182	n/a	85629.0455	left_press	n/a	n/a	256	n/a
342.5425454545	n/a	85635.6364	show_circle	n/a	n/a	0	circle.bmp
344.2425454545	n/a	86060.6364	show_cross	n/a	n/a	n/a	cross.bmp
344.7461818182	n/a	86186.5455	show_face	scrambled_face	delayed_repeat	19	s083.bmp
345.7289090909	n/a	86432.2273	show_circle	n/a	n/a	0	circle.bmp
345.8816363636	n/a	86470.4091	left_press	n/a	n/a	256	n/a
347.4289090909	n/a	86857.2273	show_cross	n/a	n/a	n/a	cross.bmp
347.9870909091	n/a	86996.7727	show_face	unfamiliar_face	first_show	13	u042.bmp
348.8825454545	n/a	87220.6364	left_press	n/a	n/a	256	n/a
349.0007272727	n/a	87250.1818	show_circle	n/a	n/a	0	circle.bmp
350.7007272727	n/a	87675.1818	show_cross	n/a	n/a	n/a	cross.bmp
351.3116363636	n/a	87827.9091	show_face	unfamiliar_face	immediate_repeat	14	u042.bmp
351.9889090909	n/a	87997.2273	left_press	n/a	n/a	256	n/a
352.1489090909	n/a	88037.2273	show_circle	n/a	n/a	0	circle.bmp
353.8489090909	n/a	88462.2273	show_cross	n/a	n/a	n/a	cross.bmp
354.4352727273	n/a	88608.8182	show_face	scrambled_face	delayed_repeat	19	s004.bmp
355.2625454545	n/a	88815.6364	left_press	n/a	n/a	256	n/a
355.3207272727	n/a	88830.1818	show_circle	n/a	n/a	0	circle.bmp
357.0207272727	n/a	89255.1818	show_cross	n/a	n/a	n/a	cross.bmp
357.6089090909	n/a	89402.2273	show_face	unfamiliar_face	first_show	13	u083.bmp
358.2689090909	n/a	89567.2273	left_press	n/a	n/a	256	n/a
358.5089090909	n/a	89627.2273	show_circle	n/a	n/a	0	circle.bmp
360.2089090909	n/a	90052.2273	show_cross	n/a	n/a	n/a	cross.bmp
360.7834545455	n/a	90195.8636	show_face	famous_face	first_show	5	f103.bmp
361.6370909091	n/a	90409.2727	show_circle	n/a	n/a	0	circle.bmp
361.6370909091	n/a	90409.2727	right_press	n/a	n/a	4096	n/a
363.3370909091	n/a	90834.2727	show_cross	n/a	n/a	n/a	cross.bmp
363.9070909091	n/a	90976.7727	show_face	famous_face	delayed_repeat	7	f091.bmp
364.7434545455	n/a	91185.8636	show_circle	n/a	n/a	0	circle.bmp
365.3116363636	n/a	91327.9091	right_press	n/a	n/a	4096	n/a
366.4434545455	n/a	91610.8636	show_cross	n/a	n/a	n/a	cross.bmp
366.9480000000	n/a	91737	show_face	unfamiliar_face	first_show	13	u100.bmp
367.6925454545	n/a	91923.1364	left_press	n/a	n/a	256	n/a
367.9361818182	n/a	91984.0455	show_circle	n/a	n/a	0	circle.bmp
369.6361818182	n/a	92409.0455	show_cross	n/a	n/a	n/a	cross.bmp
370.2380000000	n/a	92559.5	show_face	unfamiliar_face	immediate_repeat	14	u100.bmp
370.8270909091	n/a	92706.7727	left_press	n/a	n/a	256	n/a
371.1834545455	n/a	92795.8636	show_circle	n/a	n/a	0	circle.bmp
372.8834545455	n/a	93220.8636	show_cross	n/a	n/a	n/a	cross.bmp
373.4789090909	n/a	93369.7273	show_face	scrambled_face	first_show	17	s029.bmp
374.3234545455	n/a	93580.8636	show_circle	n/a	n/a	0	circle.bmp
374.3534545455	n/a	93588.3636	left_press	n/a	n/a	256	n/a
376.0234545455	n/a	94005.8636	show_cross	n/a	n/a	n/a	cross.bmp
376.5361818182	n/a	94134.0455	show_face	scrambled_face	immediate_repeat	18	s029.bmp
377.3834545455	n/a	94345.8636	left_press	n/a	n/a	256	n/a
377.5525454545	n/a	94388.1364	show_circle	n/a	n/a	0	circle.bmp
379.2525454545	n/a	94813.1364	show_cross	n/a	n/a	n/a	cross.bmp
379.7116363636	n/a	94927.9091	show_face	scrambled_face	first_show	17	s057.bmp
380.5780000000	n/a	95144.5	left_press	n/a	n/a	256	n/a
380.5798181818	n/a	95144.9545	show_circle	n/a	n/a	0	circle.bmp
382.2798181818	n/a	95569.9545	show_cross	n/a	n/a	n/a	cross.bmp
382.8507272727	n/a	95712.6818	show_face	famous_face	first_show	5	f120.bmp
383.8361818182	n/a	95959.0455	right_press	n/a	n/a	4096	n/a
383.8434545455	n/a	95960.8636	show_circle	n/a	n/a	0	circle.bmp
385.5434545455	n/a	96385.8636	show_cross	n/a	n/a	n/a	cross.bmp
386.1080000000	n/a	96527	show_face	famous_face	immediate_repeat	6	f120.bmp
386.9461818182	n/a	96736.5455	show_circle	n/a	n/a	0	circle.bmp
387.1834545455	n/a	96795.8636	right_press	n/a	n/a	4096	n/a
388.6461818182	n/a	97161.5455	show_cross	n/a	n/a	n/a	cross.bmp
389.1652727273	n/a	97291.3182	show_face	unfamiliar_face	delayed_repeat	15	u083.bmp
389.8443636364	n/a	97461.0909	left_press	n/a	n/a	256	n/a
390.0807272727	n/a	97520.1818	show_circle	n/a	n/a	0	circle.bmp
391.7807272727	n/a	97945.1818	show_cross	n/a	n/a	n/a	cross.bmp
392.3389090909	n/a	98084.7273	show_face	scrambled_face	first_show	17	s113.bmp
393.3016363636	n/a	98325.4091	right_press	n/a	n/a	4096	n/a
393.3161818182	n/a	98329.0455	show_circle	n/a	n/a	0	circle.bmp
395.0161818182	n/a	98754.0455	show_cross	n/a	n/a	n/a	cross.bmp
395.6298181818	n/a	98907.4545	show_face	famous_face	delayed_repeat	7	f103.bmp
396.5034545455	n/a	99125.8636	show_circle	n/a	n/a	0	circle.bmp
397.1189090909	n/a	99279.7273	right_press	n/a	n/a	4096	n/a
398.2034545455	n/a	99550.8636	show_cross	n/a	n/a	n/a	cross.bmp
398.6707272727	n/a	99667.6818	show_face	unfamiliar_face	first_show	13	u107.bmp
399.4952727273	n/a	99873.8182	show_circle	n/a	n/a	0	circle.bmp
400.0252727273	n/a	100006.3182	right_press	n/a	n/a	4096	n/a
401.1952727273	n/a	100298.8182	show_cross	n/a	n/a	n/a	cross.bmp
401.8443636364	n/a	100461.0909	show_face	famous_face	first_show	5	f116.bmp
402.6170909091	n/a	100654.2727	right_press	n/a	n/a	4096	n/a
402.8170909091	n/a	100704.2727	show_circle	n/a	n/a	0	circle.bmp
404.5170909091	n/a	101129.2727	show_cross	n/a	n/a	n/a	cross.bmp
405.0016363636	n/a	101250.4091	show_face	famous_face	first_show	5	f107.bmp
405.8534545455	n/a	101463.3636	show_circle	n/a	n/a	0	circle.bmp
406.8452727273	n/a	101711.3182	left_press	n/a	n/a	256	n/a
407.5534545455	n/a	101888.3636	show_cross	n/a	n/a	n/a	cross.bmp
408.1925454545	n/a	102048.1364	show_face	scrambled_face	delayed_repeat	19	s057.bmp
409.0470909091	n/a	102261.7727	show_circle	n/a	n/a	0	circle.bmp
409.0543636364	n/a	102263.5909	left_press	n/a	n/a	256	n/a
410.7470909091	n/a	102686.7727	show_cross	n/a	n/a	n/a	cross.bmp
411.2825454545	n/a	102820.6364	show_face	famous_face	first_show	5	f016.bmp
412.1052727273	n/a	103026.3182	right_press	n/a	n/a	4096	n/a
412.1734545455	n/a	103043.3636	show_circle	n/a	n/a	0	circle.bmp
413.8734545455	n/a	103468.3636	show_cross	n/a	n/a	n/a	cross.bmp
414.3570909091	n/a	103589.2727	show_face	unfamiliar_face	first_show	13	u133.bmp
415.0998181818	n/a	103774.9545	left_press	n/a	n/a	256	n/a
415.2516363636	n/a	103812.9091	show_circle	n/a	n/a	0	circle.bmp
416.9516363636	n/a	104237.9091	show_cross	n/a	n/a	n/a	cross.bmp
417.4470909091	n/a	104361.7727	show_face	unfamiliar_face	immediate_repeat	14	u133.bmp
418.1725454545	n/a	104543.1364	left_press	n/a	n/a	256	n/a
418.3870909091	n/a	104596.7727	show_circle	n/a	n/a	0	circle.bmp
420.0870909091	n/a	105021.7727	show_cross	n/a	n/a	n/a	cross.bmp
420.6216363636	n/a	105155.4091	show_face	scrambled_face	delayed_repeat	19	s113.bmp
421.5034545455	n/a	105375.8636	right_press	n/a	n/a	4096	n/a
421.5843636364	n/a	105396.0909	show_circle	n/a	n/a	0	circle.bmp
423.2843636364	n/a	105821.0909	show_cross	n/a	n/a	n/a	cross.bmp
423.9289090909	n/a	105982.2273	show_face	famous_face	first_show	5	f063.bmp
424.9052727273	n/a	106226.3182	show_circle	n/a	n/a	0	circle.bmp
424.9816363636	n/a	106245.4091	right_press	n/a	n/a	4096	n/a
426.6052727273	n/a	106651.3182	show_cross	n/a	n/a	n/a	cross.bmp
427.1861818182	n/a	106796.5455	show_face	famous_face	immediate_repeat	6	f063.bmp
427.8134545455	n/a	106953.3636	right_press	n/a	n/a	4096	n/a
428.0843636364	n/a	107021.0909	show_circle	n/a	n/a	0	circle.bmp
429.7843636364	n/a	107446.0909	show_cross	n/a	n/a	n/a	cross.bmp
430.2770909091	n/a	107569.2727	show_face	unfamiliar_face	delayed_repeat	15	u107.bmp
431.1389090909	n/a	107784.7273	show_circle	n/a	n/a	0	circle.bmp
431.4116363636	n/a	107852.9091	right_press	n/a	n/a	4096	n/a
432.8389090909	n/a	108209.7273	show_cross	n/a	n/a	n/a	cross.bmp
433.3507272727	n/a	108337.6818	show_face	famous_face	first_show	5	f135.bmp
434.3125454545	n/a	108578.1364	show_circle	n/a	n/a	0	circle.bmp
434.4680000000	n/a	108617	left_press	n/a	n/a	256	n/a
436.0125454545	n/a	109003.1364	show_cross	n/a	n/a	n/a	cross.bmp
436.5243636364	n/a	109131.0909	show_face	famous_face	immediate_repeat	6	f135.bmp
436.9498181818	n/a	109237.4545	left_press	n/a	n/a	256	n/a
437.4643636364	n/a	109366.0909	show_circle	n/a	n/a	0	circle.bmp
439.1643636364	n/a	109791.0909	show_cross	n/a	n/a	n/a	cross.bmp
439.6480000000	n/a	109912	show_face	famous_face	delayed_repeat	7	f116.bmp
440.5561818182	n/a	110139.0455	right_press	n/a	n/a	4096	n/a
440.6407272727	n/a	110160.1818	show_circle	n/a	n/a	0	circle.bmp
442.3407272727	n/a	110585.1818	show_cross	n/a	n/a	n/a	cross.bmp
442.9389090909	n/a	110734.7273	show_face	famous_face	first_show	5	f046.bmp
443.7752727273	n/a	110943.8182	left_press	n/a	n/a	256	n/a
443.8825454545	n/a	110970.6364	show_circle	n/a	n/a	0	circle.bmp
445.5825454545	n/a	111395.6364	show_cross	n/a	n/a	n/a	cross.bmp
446.1298181818	n/a	111532.4545	show_face	famous_face	immediate_repeat	6	f046.bmp
447.1270909091	n/a	111781.7727	show_circle	n/a	n/a	0	circle.bmp
448.0034545455	n/a	112000.8636	right_press	n/a	n/a	4096	n/a
448.8270909091	n/a	112206.7727	show_cross	n/a	n/a	n/a	cross.bmp
449.3207272727	n/a	112330.1818	show_face	famous_face	delayed_repeat	7	f107.bmp
450.2507272727	n/a	112562.6818	left_press	n/a	n/a	256	n/a
450.2943636364	n/a	112573.5909	show_circle	n/a	n/a	0	circle.bmp
451.9943636364	n/a	112998.5909	show_cross	n/a	n/a	n/a	cross.bmp
452.6616363636	n/a	113165.4091	show_face	scrambled_face	first_show	17	s006.bmp
453.3861818182	n/a	113346.5455	left_press	n/a	n/a	256	n/a
453.6152727273	n/a	113403.8182	show_circle	n/a	n/a	0	circle.bmp
455.3152727273	n/a	113828.8182	show_cross	n/a	n/a	n/a	cross.bmp
455.9189090909	n/a	113979.7273	show_face	famous_face	delayed_repeat	7	f016.bmp
456.7480000000	n/a	114187	right_press	n/a	n/a	4096	n/a
456.8425454545	n/a	114210.6364	show_circle	n/a	n/a	0	circle.bmp
458.5425454545	n/a	114635.6364	show_cross	n/a	n/a	n/a	cross.bmp
459.0261818182	n/a	114756.5455	show_face	scrambled_face	first_show	17	s122.bmp
459.7734545455	n/a	114943.3636	right_press	n/a	n/a	4096	n/a
460.0398181818	n/a	115009.9545	show_circle	n/a	n/a	0	circle.bmp
461.7398181818	n/a	115434.9545	show_cross	n/a	n/a	n/a	cross.bmp
462.2170909091	n/a	115554.2727	show_face	scrambled_face	immediate_repeat	18	s122.bmp
463.1098181818	n/a	115777.4545	right_press	n/a	n/a	4096	n/a
463.1325454545	n/a	115783.1364	show_circle	n/a	n/a	0	circle.bmp
464.8325454545	n/a	116208.1364	show_cross	n/a	n/a	n/a	cross.bmp
465.4916363636	n/a	116372.9091	show_face	unfamiliar_face	first_show	13	u081.bmp
466.1298181818	n/a	116532.4545	left_press	n/a	n/a	256	n/a
466.3925454545	n/a	116598.1364	show_circle	n/a	n/a	0	circle.bmp
468.0925454545	n/a	117023.1364	show_cross	n/a	n/a	n/a	cross.bmp
468.5652727273	n/a	117141.3182	show_face	famous_face	first_show	5	f139.bmp
469.4398181818	n/a	117359.9545	show_circle	n/a	n/a	0	circle.bmp
470.0034545455	n/a	117500.8636	left_press	n/a	n/a	256	n/a
471.1398181818	n/a	117784.9545	show_cross	n/a	n/a	n/a	cross.bmp
471.7225454545	n/a	117930.6364	show_face	unfamiliar_face	first_show	13	u061.bmp
472.5998181818	n/a	118149.9545	show_circle	n/a	n/a	0	circle.bmp
473.0689090909	n/a	118267.2273	left_press	n/a	n/a	256	n/a
474.2998181818	n/a	118574.9545	show_cross	n/a	n/a	n/a	cross.bmp
474.9134545455	n/a	118728.3636	show_face	famous_face	first_show	5	f029.bmp
475.7043636364	n/a	118926.0909	right_press	n/a	n/a	4096	n/a
475.8589090909	n/a	118964.7273	show_circle	n/a	n/a	0	circle.bmp
477.5589090909	n/a	119389.7273	show_cross	n/a	n/a	n/a	cross.bmp
478.1534545455	n/a	119538.3636	show_face	scrambled_face	delayed_repeat	19	s006.bmp
478.9470909091	n/a	119736.7727	left_press	n/a	n/a	256	n/a
479.0616363636	n/a	119765.4091	show_circle	n/a	n/a	0	circle.bmp
480.7616363636	n/a	120190.4091	show_cross	n/a	n/a	n/a	cross.bmp
481.2443636364	n/a	120311.0909	show_face	famous_face	first_show	5	f034.bmp
481.9807272727	n/a	120495.1818	right_press	n/a	n/a	4096	n/a
482.2080000000	n/a	120552	show_circle	n/a	n/a	0	circle.bmp
483.9080000000	n/a	120977	show_cross	n/a	n/a	n/a	cross.bmp
484.5516363636	n/a	121137.9091	show_face	famous_face	immediate_repeat	6	f034.bmp
485.2643636364	n/a	121316.0909	right_press	n/a	n/a	4096	n/a
485.3770909091	n/a	121344.2727	show_circle	n/a	n/a	0	circle.bmp
487.0770909091	n/a	121769.2727	show_cross	n/a	n/a	n/a	cross.bmp
